"Club","Points","GF","GA","GD","Group","Europa","n_teams","Rank","Elo","Tilt","Pass"
"CSKA Moskva",63,70,29,41,"RUS",1,16,1,1586.48449707,1.2911982216844,0
"Spartak Moskva",59,57,23,34,"RUS",1,16,2,1575.06225586,1.32236387602836,0
"FC Krasnodar",58,54,27,27,"RUS",1,16,3,1614.2935791,1.26206846365931,0
"Zenit",54,59,31,28,"RUS",1,16,4,1654.94470215,1.26710378315883,0
"Dynamo Moskva",48,46,36,10,"RUS",1,16,5,1559.70556641,1.27304976078329,0
"Lok Moskva",46,47,32,15,"RUS",1,16,6,1528.8885498,1.31953971086732,0
"Rostov",41,32,29,3,"RUS",1,16,7,1454.07470703,1.28279123791292,0
"FC Khimki",40,49,66,-17,"RUS",1,16,8,1332.08056641,1.30755240359272,0
"Akron Togliatti",38,37,55,-18,"RUS",1,16,9,1351.15979004,1.28074219261509,0
"Nizhny Novgorod",37,40,48,-8,"RUS",1,16,10,1328.875,1.34688949946204,0
"Rubin Kazan",36,45,46,-1,"RUS",1,16,11,1449.19909668,1.29322461119104,0
"Terek Grozny",34,37,45,-8,"RUS",1,16,12,1378.00061035,1.3508420753365,0
"Dynamo Makhachkala",28,35,50,-15,"RUS",1,16,13,1345.46643066,1.28965849079405,0
"Orenburg",28,33,60,-27,"RUS",1,16,14,1342.03637695,1.29020635366135,0
"Fakel Voronezh",28,31,60,-29,"RUS",1,16,15,1325.39428711,1.29766454137377,0
"Kryliya Sovetov",21,27,62,-35,"RUS",1,16,16,1389.4510498,1.25182464576506,0
"Inter",75,80,34,46,"ITA",2,20,1,1933.2421875,1.46052631578947,4
"Atalanta",75,74,40,34,"ITA",2,20,2,1842.22375488,1.5,4
"Fiorentina",68,62,47,15,"ITA",2,20,3,1756.97180176,1.40789473684211,4
"Roma",67,72,43,29,"ITA",2,20,4,1819.65991211,1.46052631578947,4
"Juventus",66,55,37,18,"ITA",2,20,5,1805.84667969,1.11842105263158,4
"Napoli",63,74,43,31,"ITA",2,20,6,1838.37182617,1.35526315789474,4
"Como",63,56,45,11,"ITA",2,20,7,1648.34375,1.26560806897542,4
"Bologna",60,50,37,13,"ITA",2,20,8,1750.82434082,1.13157894736842,4
"Lazio",58,52,48,4,"ITA",2,20,9,1770.40869141,1.15789473684211,4
"Milan",54,63,57,6,"ITA",2,20,10,1786.90795898,1.64473684210526,4
"Empoli",52,41,51,-10,"ITA",2,20,11,1577.66174316,1.09210526315789,4
"Parma",49,47,67,-20,"ITA",2,20,12,1602.97509766,1.22973431988826,4
"Verona",46,49,77,-28,"ITA",2,20,13,1595.0670166,1.17105263157895,4
"Genoa",44,33,44,-11,"ITA",2,20,14,1664.06433105,1.18421052631579,4
"Cagliari",42,42,64,-22,"ITA",2,20,15,1602.2791748,1.44736842105263,4
"Torino",41,42,47,-5,"ITA",2,20,16,1675.24279785,0.947368421052632,4
"Lecce",40,33,60,-27,"ITA",2,20,17,1583.05078125,1.13157894736842,4
"Venezia",32,33,58,-25,"ITA",2,20,18,1557.56433105,1.31291810485211,4
"Udinese",32,27,54,-27,"ITA",2,20,19,1620.2565918,1.18421052631579,4
"Monza",28,36,68,-32,"ITA",2,20,20,1519.14404297,1.18421052631579,4
"Razgrad",66,71,26,45,"BUL",1,17,1,1472.64929199,1.24415107338489,0
"Cherno More",66,51,29,22,"BUL",1,17,2,1340.97851562,1.24360280043071,0
"Levski",61,60,24,36,"BUL",1,17,3,1397.12976074,1.26723005723665,0
"Arda",59,63,47,16,"BUL",1,17,4,1294.98327637,1.33955580215542,0
"CSKA Sofia",58,64,27,37,"BUL",1,17,5,1374.2010498,1.24663378516812,0
"Slavia Sofia",53,58,37,21,"BUL",1,17,6,1162.07763672,1.35371408019142,0
"Lok Plovdiv",44,47,41,6,"BUL",1,17,7,1165.56420898,1.34285112410071,0
"Blagoevgrad",40,37,50,-13,"BUL",1,17,8,1060.3293457,1.25933047316408,0
"Botev Plovdiv",39,44,51,-7,"BUL",1,17,9,1214.87927246,1.27158385685603,0
"CSKA 1948 Sofia",37,42,42,0,"BUL",1,17,10,1210.73205566,1.3641238106265,0
"Botev Vratsa",37,34,52,-18,"BUL",1,17,11,1103.88671875,1.32829708028003,0
"Beroe Stara Zagora",36,39,58,-19,"BUL",1,17,12,1169.13757324,1.30584556061834,0
"Lok Sofia",32,41,53,-12,"BUL",1,17,13,1181.29724121,1.29372954202375,0
"Spartak Varna",31,41,64,-23,"BUL",1,17,14,1140.4230957,1.286059359275,0
"Septemvri Sofia",30,34,44,-10,"BUL",1,17,15,1117.41577148,1.35134754059534,0
"Levski Krumovgrad",30,26,65,-39,"BUL",1,17,16,1126.19433594,1.26746471646092,0
"Hebar",25,28,70,-42,"BUL",1,17,17,1035.06201172,1.31452224255094,0
"Winterthur",45,33,20,13,"SUI",1,13,1,1337.91210938,1.27041582332989,0
"Young Boys",41,40,24,16,"SUI",1,13,2,1498.67150879,1.28992156881426,0
"Luzern",39,41,32,9,"SUI",1,13,3,1383.43859863,1.37218200873985,0
"Basel",38,39,28,11,"SUI",1,13,4,1523.00378418,1.32100923614333,0
"Zuerich",37,40,33,7,"SUI",1,13,5,1387.01550293,1.36254321915131,0
"Servette",36,28,28,0,"SUI",1,13,6,1468.03637695,1.28948834644869,0
"Lausanne",33,30,29,1,"SUI",1,13,7,1403.11108398,1.32923898981375,0
"StGallen",30,23,28,-5,"SUI",1,13,8,1391.01086426,1.35980124564647,0
"Lugano",29,31,37,-6,"SUI",1,13,9,1402.29016113,1.34316864836319,0
"Aarau",26,28,36,-8,"SUI",1,13,10,1272.09313965,1.32840891464472,0
"Sion",26,28,38,-10,"SUI",1,13,11,1324.94360352,1.31260140814527,0
"Grasshoppers",25,30,39,-9,"SUI",1,13,12,1336.74902344,1.27446013161844,0
"Yverdon Sport",25,33,52,-19,"SUI",1,13,13,1298.96765137,1.32697090460508,0
"Barcelona",77,105,34,71,"ESP",2,20,1,1945.43041992,1.61842105263158,4
"Real Madrid",64,83,45,38,"ESP",2,20,2,1936.12731934,1.48684210526316,4
"Villarreal",62,62,46,16,"ESP",2,20,3,1785.54626465,1.71052631578947,4
"Atletico",59,56,49,7,"ESP",2,20,4,1855.34960938,1.48684210526316,4
"Sevilla",58,57,57,0,"ESP",2,20,5,1637.12207031,1.34210526315789,4
"Mallorca",57,44,42,2,"ESP",2,20,6,1641.24829102,1.01315789473684,4
"Espanyol",57,47,66,-19,"ESP",2,20,7,1634.66186523,1.37812877792035,4
"Rayo Vallecano",55,50,45,5,"ESP",2,20,8,1658.47595215,1.01315789473684,4
"Bilbao",54,52,49,3,"ESP",2,20,9,1789.30895996,1.28947368421053,4
"Betis",51,45,45,0,"ESP",2,20,10,1742.14355469,1.22368421052632,4
"Alaves",49,41,38,3,"ESP",2,20,11,1644.11938477,1.07894736842105,4
"Celta",49,49,48,1,"ESP",2,20,12,1689.27087402,1.35526315789474,4
"Osasuna",48,39,45,-6,"ESP",2,20,13,1697.22412109,1.32894736842105,4
"Sociedad",47,34,51,-17,"ESP",2,20,14,1667.3203125,1.18421052631579,4
"Getafe",46,34,42,-8,"ESP",2,20,15,1625.7598877,1.26315789473684,4
"Leganes",43,37,42,-5,"ESP",2,20,16,1599.02893066,1.36493058759715,4
"Las Palmas",43,35,53,-18,"ESP",2,20,17,1563.5020752,1.05263157894737,4
"Girona",43,51,73,-22,"ESP",2,20,18,1637.03479004,1.72368421052632,4
"Valladolid",43,45,74,-29,"ESP",2,20,19,1467.32788086,1.29491252230008,4
"Valencia",33,29,51,-22,"ESP",2,20,20,1679.41589355,1.11842105263158,4
"Bayern",77,107,30,77,"GER",2,18,1,1918.99780273,2.04411764705882,4
"Leverkusen",66,77,50,27,"GER",2,18,2,1848.78601074,1.66176470588235,4
"Frankfurt",64,66,45,21,"GER",2,18,3,1745.75793457,1.48529411764706,4
"Dortmund",61,58,32,26,"GER",2,18,4,1818.35009766,1.63235294117647,4
"Werder",55,61,59,2,"GER",2,18,5,1677.4543457,1.5,4
"Hoffenheim",50,55,58,-3,"GER",2,18,6,1605.84057617,1.94117647058824,4
"Stuttgart",49,49,49,0,"GER",2,18,7,1719.31469727,1.72058823529412,4
"RB Leipzig",47,55,54,1,"GER",2,18,8,1716.37438965,1.70588235294118,4
"Augsburg",47,50,61,-11,"GER",2,18,9,1618.65966797,1.61764705882353,4
"Bochum",45,47,55,-8,"GER",2,18,10,1539.73632812,1.70588235294118,4
"Wolfsburg",44,43,51,-8,"GER",2,18,11,1645.72412109,1.42647058823529,4
"Union Berlin",44,43,54,-11,"GER",2,18,12,1617.16491699,1.33823529411765,4
"Gladbach",43,48,51,-3,"GER",2,18,13,1632.47961426,1.80882352941176,4
"Freiburg",39,49,57,-8,"GER",2,18,14,1684.3404541,1.51470588235294,4
"Mainz",37,45,67,-22,"GER",2,18,15,1706.18273926,1.32352941176471,4
"St Pauli",34,40,63,-23,"GER",2,18,16,1577.10717773,1.31791736050978,4
"Heidenheim",34,41,67,-26,"GER",2,18,17,1558.72509766,1.54411764705882,4
"Holstein",30,35,66,-31,"GER",2,18,18,1537.13269043,1.29810009035009,4
"Dinamo Zagreb",40,38,16,22,"CRO",0,10,1,1527.02502441,1.39705227597143,0
"Istra 1961",32,31,18,13,"CRO",0,10,2,1362.64489746,1.28049867275128,0
"Hajduk",29,22,17,5,"CRO",0,10,3,1435.51623535,1.33718669540796,0
"Varazdin",29,22,19,3,"CRO",0,10,4,1347.17712402,1.25567452103764,0
"Rijeka",23,24,23,1,"CRO",0,10,5,1442.31982422,1.28311514406089,0
"Osijek",22,27,29,-2,"CRO",0,10,6,1353.87341309,1.30277499134482,0
"Lok Zagreb",21,25,24,1,"CRO",0,10,7,1339.54748535,1.26115741950944,0
"HNK Gorica",20,20,29,-9,"CRO",0,10,8,1266.1652832,1.25673068659948,0
"Sibenik",18,15,32,-17,"CRO",0,10,9,1204.60949707,1.3358139614379,0
"Slaven Belupo",12,15,32,-17,"CRO",0,10,10,1324.84362793,1.2949737935428,0
"Rangers",55,59,16,43,"SCO",1,12,1,1587.43994141,1.56578947368421,1
"Celtic",47,59,23,36,"SCO",1,12,2,1662.38671875,1.64473684210526,1
"Dundee",38,42,37,5,"SCO",1,12,3,1282.87023926,1.53947368421053,1
"St Johnstone",35,26,26,0,"SCO",1,12,4,1221.51623535,1.09210526315789,1
"Motherwell",29,30,31,-1,"SCO",1,12,5,1309.34545898,1.51315789473684,1
"Dundee United",28,29,35,-6,"SCO",1,12,6,1302.08666992,1.37360554420383,1
"Hibernian",28,29,37,-8,"SCO",1,12,7,1429.87890625,1.46052631578947,1
"Aberdeen",24,27,39,-12,"SCO",1,12,8,1338.04016113,1.31578947368421,1
"St Mirren",22,25,32,-7,"SCO",1,12,9,1367.06835938,1.28947368421053,1
"Ross County",21,25,43,-18,"SCO",1,12,10,1244.04736328,1.38157894736842,1
"Hearts",20,21,39,-18,"SCO",1,12,11,1406.42919922,1.26315789473684,1
"Kilmarnock",18,19,33,-14,"SCO",1,12,12,1325.25195312,1.18421052631579,1
"Steaua",65,68,28,40,"ROM",1,17,1,1555.09423828,1.33555894017601,1
"Rapid Bucuresti",59,46,31,15,"ROM",1,17,2,1375.25671387,1.33289863393574,1
"Sepsi",54,45,36,9,"ROM",1,17,3,1290.68066406,1.30488118823164,1
"Craiova",53,43,30,13,"ROM",1,17,4,1424.82824707,1.19696251660061,1
"CFR Cluj",52,55,37,18,"ROM",1,17,5,1478.15344238,1.23481619748055,1
"Otelul Galati",50,46,41,5,"ROM",1,17,6,1304.88562012,1.3059556677392,1
"Hermannstadt",50,50,47,3,"ROM",1,17,7,1329.19116211,1.38113984011175,1
"Botosani",48,34,31,3,"ROM",1,17,8,1267.04626465,1.31151803362124,1
"Universitatea Cluj",46,45,41,4,"ROM",1,17,9,1378.57189941,1.38324250107024,1
"Dinamo Bucuresti",43,40,30,10,"ROM",1,17,10,1317.17785645,1.39894655424316,1
"Corvinul Hunedoara",40,30,47,-17,"ROM",1,17,11,1218.04663086,1.30487960143285,1
"Iasi",39,41,51,-10,"ROM",1,17,12,1254.77526855,1.30525429903596,1
"Viitorul",38,35,47,-12,"ROM",1,17,13,1331.0637207,1.43777224813437,1
"UTA Arad",36,40,48,-8,"ROM",1,17,14,1288.83398438,1.3085839714743,1
"Unirea Slobozia",32,38,50,-12,"ROM",1,17,15,1225.63012695,1.37516226499166,1
"Gloria Buzau",25,30,60,-30,"ROM",1,17,16,1151.76306152,1.34398209262947,1
"Petrolul Ploiesti",18,24,55,-31,"ROM",1,17,17,1280.50402832,1.20752264369933,1
"Midtjylland",50,49,19,30,"DEN",1,12,1,1595.68408203,1.30271202690436,1
"FC Kobenhavn",46,41,18,23,"DEN",1,12,2,1621.64001465,1.39277886419902,1
"Aarhus",38,26,23,3,"DEN",1,12,3,1449.50964355,1.33715079634234,1
"Nordsjaelland",37,27,24,3,"DEN",1,12,4,1515.36816406,1.22286262654836,1
"Brondby",36,27,22,5,"DEN",1,12,5,1547.92456055,1.25625373043917,1
"Viborg",29,33,31,2,"DEN",1,12,6,1447.69433594,1.26306434509579,1
"SonderjyskE",26,21,27,-6,"DEN",1,12,7,1360.40319824,1.31261429872342,1
"Aalborg",25,26,47,-21,"DEN",1,12,8,1285.1204834,1.21774274620858,1
"Silkeborg",23,26,32,-6,"DEN",1,12,9,1461.40356445,1.28725303827068,1
"Randers",23,27,37,-10,"DEN",1,12,10,1466.17724609,1.27957921969651,1
"Vejle",21,22,29,-7,"DEN",1,12,11,1342.21606445,1.30952553516081,1
"Lyngby",19,17,33,-16,"DEN",1,12,12,1331.06628418,1.31927895136797,1
"Arsenal",67,77,51,26,"ENG",2,20,1,1993.3404541,1.57894736842105,4
"Bournemouth",66,85,61,24,"ENG",2,20,2,1808.09545898,1.59210526315789,4
"Liverpool",65,83,56,27,"ENG",2,20,3,1993.41796875,1.67105263157895,4
"Crystal Palace",63,77,57,20,"ENG",2,20,4,1835.04040527,1.51315789473684,4
"Newcastle",63,79,62,17,"ENG",2,20,5,1868.55273438,1.93421052631579,4
"Wolves",61,62,65,-3,"ENG",2,20,6,1735.76257324,1.51315789473684,4
"Man United",59,52,48,4,"ENG",2,20,7,1799.46337891,1.51315789473684,4
"Forest",58,69,61,8,"ENG",2,20,8,1802.86816406,1.52631578947368,4
"Brentford",57,57,43,14,"ENG",2,20,9,1811.27441406,1.59210526315789,4
"Chelsea",56,78,60,18,"ENG",2,20,10,1902.8013916,1.84210526315789,4
"Fulham",56,78,66,12,"ENG",2,20,11,1781.7208252,1.52631578947368,4
"Aston Villa",54,67,54,13,"ENG",2,20,12,1872.83935547,1.80263157894737,4
"Man City",51,69,66,3,"ENG",2,20,13,1959.94421387,1.71052631578947,4
"Brighton",49,59,67,-8,"ENG",2,20,14,1827.12927246,1.53947368421053,4
"West Ham",48,52,70,-18,"ENG",2,20,15,1750.13269043,1.76315789473684,4
"Tottenham",46,72,75,-3,"ENG",2,20,16,1774.00695801,1.77631578947368,4
"Everton",42,45,57,-12,"ENG",2,20,17,1793.98010254,1.19736842105263,4
"Southampton",33,38,80,-42,"ENG",2,20,18,1555.23706055,1.17403382709275,4
"Ipswich",32,38,87,-49,"ENG",2,20,19,1591.06835938,1.23916550830762,4
"Leicester",22,28,79,-51,"ENG",2,20,20,1618.56958008,1.33633152549363,4
"Fenerbahce",87,95,29,66,"TUR",1,19,1,1673.91918945,1.71052631578947,0
"Galatasaray",77,74,24,50,"TUR",1,19,2,1701.14611816,1.55263157894737,0
"Besiktas",70,66,36,30,"TUR",1,19,3,1506.78662109,1.30263157894737,0
"Konyaspor",63,61,39,22,"TUR",1,19,4,1388.09277344,1.22368421052632,0
"Kasimpasa",52,51,50,1,"TUR",1,19,5,1423.47302246,1.67105263157895,0
"Bodrum",52,55,57,-2,"TUR",1,19,6,1333.02697754,1.36874107653225,0
"Trabzonspor",51,50,53,-3,"TUR",1,19,7,1470.06970215,1.56578947368421,0
"Sivasspor",47,44,49,-5,"TUR",1,19,8,1355.29040527,1.32894736842105,0
"Hatayspor",47,40,52,-12,"TUR",1,19,9,1289.30761719,1.27631578947368,0
"Alanyaspor",44,45,49,-4,"TUR",1,19,10,1407.70080566,1.35526315789474,0
"Rizespor",44,48,59,-11,"TUR",1,19,11,1388.77099609,1.39473684210526,0
"Eyupspor",43,34,46,-12,"TUR",1,19,12,1370.41467285,1.22429655108999,0
"Samsunspor",42,43,54,-11,"TUR",1,19,13,1436.43029785,1.23684210526316,0
"Gaziantep FK",40,44,48,-4,"TUR",1,19,14,1367.83752441,1.40789473684211,0
"Bueyueksehir",40,45,64,-19,"TUR",1,19,15,1449.87182617,1.31578947368421,0
"Antalyaspor",40,40,59,-19,"TUR",1,19,16,1355.68505859,1.22368421052632,0
"Adana Demirspor",38,43,71,-28,"TUR",1,19,17,1234.671875,1.51315789473684,0
"Goeztepe",36,43,61,-18,"TUR",1,19,18,1384.90710449,1.27912744537644,0
"Kayseri",35,33,54,-21,"TUR",1,19,19,1389.22131348,1.32894736842105,0
"Slavia Praha",62,55,22,33,"CZE",1,16,1,1694.71618652,1.30874852845337,1
"Viktoria Plzen",53,54,25,29,"CZE",1,16,2,1616.74377441,1.23480495144267,1
"Sparta Praha",51,58,32,26,"CZE",1,16,3,1573.58947754,1.24930088405169,1
"Mlada Boleslav",48,51,37,14,"CZE",1,16,4,1361.43188477,1.36117399465091,1
"Dukla",45,41,35,6,"CZE",1,16,5,1288.5020752,1.21169447366675,1
"Hradec Kralove",44,37,29,8,"CZE",1,16,6,1427.42712402,1.33421444239989,1
"Jablonec",42,35,31,4,"CZE",1,16,7,1488.07983398,1.29091332085238,1
"Karvina",41,34,47,-13,"CZE",1,16,8,1330.63317871,1.27053050077816,1
"Slovan Liberec",40,37,36,1,"CZE",1,16,9,1420.46691895,1.28763044584048,1
"Teplice",40,32,38,-6,"CZE",1,16,10,1364.72058105,1.16491156046898,1
"Banik Ostrava",39,46,41,5,"CZE",1,16,11,1525.75,1.37860605347986,1
"Bohemians Praha",38,27,39,-12,"CZE",1,16,12,1355.88806152,1.26242121162801,1
"Slovacko",35,33,39,-6,"CZE",1,16,13,1320.97827148,1.36380543559897,1
"Sigma Olomouc",32,40,47,-7,"CZE",1,16,14,1384.57910156,1.279733667564,1
"Ceske Budejovice",26,22,69,-47,"CZE",1,16,15,1153.98828125,1.32786997991675,1
"Pardubice",23,25,60,-35,"CZE",1,16,16,1270.84509277,1.327247661053,1
"Lech",65,65,35,30,"POL",1,19,1,1532.71276855,1.34156670829202,0
"Rakow",62,76,49,27,"POL",1,19,2,1536.67834473,1.363449150488,0
"Slask",61,66,44,22,"POL",1,19,3,1377.68811035,1.34681579093329,0
"Katowice",58,44,39,5,"POL",1,19,4,1388.51147461,1.30606394696226,0
"Gornik",58,54,52,2,"POL",1,19,5,1411.67602539,1.27101671483255,0
"Cracovia",56,52,44,8,"POL",1,19,6,1407.8190918,1.33148343434525,0
"Legia",54,50,50,0,"POL",1,19,7,1490.91125488,1.27072239480393,0
"Korona",53,53,55,-2,"POL",1,19,8,1390.20080566,1.34929558731024,0
"Widzew",51,41,47,-6,"POL",1,19,9,1346.42041016,1.31232306537209,0
"Jagiellonia",50,55,44,11,"POL",1,19,10,1485.85668945,1.25642991770462,0
"Pogon",50,54,49,5,"POL",1,19,11,1482.17431641,1.33404118369571,0
"Motor Lublin",48,48,55,-7,"POL",1,19,12,1349.67553711,1.3149437200771,0
"Stal Mielec",48,41,56,-15,"POL",1,19,13,1324.87597656,1.29360784233236,0
"Piast Gliwice",46,43,45,-2,"POL",1,19,14,1422.59057617,1.32023670677587,0
"Radomiak",46,35,45,-10,"POL",1,19,15,1367.92749023,1.32977217270242,0
"Lechia",45,48,52,-4,"POL",1,19,16,1334.63244629,1.36495843001435,0
"Lubin",43,52,62,-10,"POL",1,19,17,1344.3939209,1.32844512047284,0
"Wisla",39,37,52,-15,"POL",1,19,18,1306.31396484,1.31170793438844,0
"Puszcza Niepolomice",23,25,64,-39,"POL",1,19,19,1300.0793457,1.31857675245684,0
"Wolfsberg",42,42,24,18,"AUT",1,12,1,1480.16235352,1.27984798043842,0
"LASK",41,26,20,6,"AUT",1,12,2,1443.68151855,1.33304403793699,0
"Salzburg",39,44,23,21,"AUT",1,12,3,1558.85534668,1.37060952803252,0
"Austria Wien",39,33,20,13,"AUT",1,12,4,1476.18188477,1.32239528154049,0
"Sturm Graz",36,38,23,15,"AUT",1,12,5,1553.17565918,1.3114968974922,0
"GAK",36,32,29,3,"AUT",1,12,6,1271.65209961,1.26336630343904,0
"Rapid Wien",31,30,24,6,"AUT",1,12,7,1436.13745117,1.28325933799648,0
"Hartberg",24,24,32,-8,"AUT",1,12,8,1376.58984375,1.28461722524337,0
"Wattens",24,27,46,-19,"AUT",1,12,9,1276.56164551,1.33530742444551,0
"BW Linz",23,26,34,-8,"AUT",1,12,10,1339.27709961,1.32086045475398,0
"Altach",19,18,35,-17,"AUT",1,12,11,1278.7043457,1.21967358467164,0
"Klagenfurt",15,14,44,-30,"AUT",1,12,12,1264.28808594,1.31344607053521,0
"Bodoe Glimt",66,70,23,47,"NOR",1,16,1,1616.89807129,1.31310596110833,0
"Kristiansund",51,45,31,14,"NOR",1,16,2,1312.94335938,1.34785893677783,0
"Rosenborg",51,45,33,12,"NOR",1,16,3,1479.81652832,1.27745861537389,0
"Viking",47,49,32,17,"NOR",1,16,4,1527.25927734,1.34933905162804,0
"KFUM Oslo",45,40,40,0,"NOR",1,16,5,1297.58227539,1.31565268604021,0
"Haugesund",44,35,49,-14,"NOR",1,16,6,1265.59619141,1.24841402038492,0
"Brann",42,45,38,7,"NOR",1,16,7,1497.65393066,1.33910397528718,0
"Fredrikstad",39,35,45,-10,"NOR",1,16,8,1391.56896973,1.24193558607512,0
"Ham-Kam",37,37,41,-4,"NOR",1,16,9,1325.42089844,1.28600475041005,0
"Stromsgodset",37,40,50,-10,"NOR",1,16,10,1325.36743164,1.36816724693504,0
"Sandefjord",36,37,36,1,"NOR",1,16,11,1352.60778809,1.31024720955636,0
"Bryne",35,36,51,-15,"NOR",1,16,12,1308.08203125,1.30883011798295,0
"Sarpsborg",34,36,33,3,"NOR",1,16,13,1394.88232422,1.30442675703925,0
"Molde",34,44,52,-8,"NOR",1,16,14,1458.12585449,1.27818028348848,0
"Valerenga",32,28,51,-23,"NOR",1,16,15,1299.21533203,1.29414957825062,0
"Tromso",27,22,39,-17,"NOR",1,16,16,1403.46374512,1.26456615060509,0
"Hammarby",62,50,27,23,"SWE",1,16,1,1522.63391113,1.32990154224942,0
"Elfsborg",55,50,25,25,"SWE",1,16,2,1522.04467773,1.27181539766323,0
"Malmoe",54,46,28,18,"SWE",1,16,3,1521.03540039,1.30310300620416,0
"Djurgarden",52,53,29,24,"SWE",1,16,4,1460.47021484,1.3224304137194,0
"AIK",49,54,37,17,"SWE",1,16,5,1477.94763184,1.29723563264923,0
"IK Sirius",46,44,40,4,"SWE",1,16,6,1371.16271973,1.34123699096266,0
"Mjaellby",45,48,27,21,"SWE",1,16,7,1493.09875488,1.29465504291664,0
"Haecken",44,35,43,-8,"SWE",1,16,8,1399.73974609,1.39919740834421,0
"Norrkoeping",40,36,41,-5,"SWE",1,16,9,1323.95727539,1.27372245482103,0
"GAIS",39,41,43,-2,"SWE",1,16,10,1372.57067871,1.29138100292833,0
"Halmstad",37,37,46,-9,"SWE",1,16,11,1280.05810547,1.32826886091352,0
"Goeteborg",36,42,41,1,"SWE",1,16,12,1366.38745117,1.32277126443588,0
"Varnamo",33,31,46,-15,"SWE",1,16,13,1282.04333496,1.34336690378867,0
"Brommapojkarna",31,32,46,-14,"SWE",1,16,14,1302.8112793,1.33349695393853,0
"Oester",29,31,63,-32,"SWE",1,16,15,1252.09887695,1.31593009210997,0
"Degerfors",18,20,68,-48,"SWE",1,16,16,1251.06201172,1.30956359873255,0
"Panathinaikos",59,62,30,32,"GRE",1,14,1,1535.48669434,1.65277777777778,0
"PAOK",55,61,27,34,"GRE",1,14,2,1544.87280273,1.68055555555556,0
"Olympiakos",52,73,25,48,"GRE",1,14,3,1670.36560059,1.58333333333333,0
"AEK",50,53,22,31,"GRE",1,14,4,1516.50268555,1.59722222222222,0
"Atromitos",39,34,38,-4,"GRE",1,14,5,1330.74499512,1.34926470588235,0
"Aris",36,42,42,0,"GRE",1,14,6,1445.51269531,1.31944444444444,0
"Levadeiakos",35,40,49,-9,"GRE",1,14,7,1325.5090332,1.28627304190234,0
"OFI",34,28,44,-16,"GRE",1,14,8,1302.8425293,1.30514705882353,0
"Panetolikos",29,27,46,-19,"GRE",1,14,9,1291.86462402,1.28860294117647,0
"Panserraikos",28,38,52,-14,"GRE",1,14,10,1238.79187012,1.36580882352941,0
"NFC Volos",27,35,44,-9,"GRE",1,14,11,1262.30859375,1.38694852941176,0
"Kalithea",25,29,51,-22,"GRE",1,14,12,1247.60107422,1.33002644201093,0
"Lamia",23,31,52,-21,"GRE",1,14,13,1158.99023438,1.69444444444444,0
"Asteras Tripolis",19,27,58,-31,"GRE",1,14,14,1305.14465332,1.43566176470588,0
"Porto",75,69,23,46,"POR",1,18,1,1678.19543457,1.32352941176471,2
"Braga",70,69,38,31,"POR",1,18,2,1650.64880371,1.77941176470588,2
"Benfica",67,68,23,45,"POR",1,18,3,1791.48046875,1.54411764705882,2
"Sporting",60,73,42,31,"POR",1,18,4,1788.60021973,1.83823529411765,2
"Guimaraes",59,42,32,10,"POR",1,18,5,1576.27685547,1.32352941176471,2
"Arouca",50,55,58,-3,"POR",1,18,6,1471.92883301,1.52941176470588,2
"Santa Clara",48,39,46,-7,"POR",1,18,7,1484.93884277,1.31940566851919,2
"Boavista",48,42,58,-16,"POR",1,18,8,1345.24804688,1.48529411764706,2
"Moreirense",46,42,41,1,"POR",1,18,9,1460.36975098,1.04411764705882,2
"Rio Ave",45,48,50,-2,"POR",1,18,10,1450.0300293,1.19117647058824,2
"Estrela Amadora",44,30,44,-14,"POR",1,18,11,1367.9029541,1.26470588235294,2
"Estoril",39,41,47,-6,"POR",1,18,12,1470.43786621,1.57352941176471,2
"Famalicao",36,37,56,-19,"POR",1,18,13,1511.265625,1.14705882352941,2
"Farense",35,45,54,-9,"POR",1,18,14,1388.83337402,1.42647058823529,2
"Casa Pia",33,35,52,-17,"POR",1,18,15,1459.93005371,1.29411764705882,2
"AVS Futebol",33,33,56,-23,"POR",1,18,16,1353.67419434,1.36011958306829,2
"Nacional",32,32,53,-21,"POR",1,18,17,1410.2755127,1.3642936782928,2
"Gil Vicente",32,31,58,-27,"POR",1,18,18,1432.91479492,1.38235294117647,2
"Crvena Zvezda",56,56,17,39,"SRB",1,16,1,1580.66638184,1.20876629433131,1
"Backa Topola",56,45,27,18,"SRB",1,16,2,1247.67456055,1.34999713672654,1
"Partizan",54,67,31,36,"SRB",1,16,3,1354.12451172,1.28408751761422,1
"Zeleznicar Pancevo",53,42,32,10,"SRB",1,16,4,1139.875,1.2598165371043,1
"OFK",47,39,33,6,"SRB",1,16,5,1137.03930664,1.31440983403489,1
"Novi Sad",46,41,32,9,"SRB",1,16,6,1246.3963623,1.26925400099012,1
"IMT",44,41,36,5,"SRB",1,16,7,1137.99658203,1.27818851982652,1
"Kragujevac",43,33,34,-1,"SRB",1,16,8,1218.0826416,1.32907212363453,1
"Zlatibor",38,35,41,-6,"SRB",1,16,9,1108.2800293,1.3222305975592,1
"Novi Pazar",37,31,33,-2,"SRB",1,16,10,1200.30761719,1.23580799104047,1
"Jedinstvo Ub",36,25,39,-14,"SRB",1,16,11,1021.19543457,1.26916029402776,1
"Nis",36,30,49,-19,"SRB",1,16,12,1094.78491211,1.34381519947962,1
"Krusevac",33,26,42,-16,"SRB",1,16,13,1095.61401367,1.38430125641456,1
"Cukaricki",31,38,53,-15,"SRB",1,16,14,1185.57104492,1.36443739889162,1
"Mladost Lucani",30,27,45,-18,"SRB",1,16,15,1135.52954102,1.2181172049212,1
"Tekstilac Odzaci",20,22,54,-32,"SRB",1,16,16,1044.80822754,1.34290236647519,1
"Ruzomberok",43,44,23,21,"REST",1,12,1,1369.51293945,1.23100329818108,0
"FK Sarajevo",36,30,20,10,"REST",1,12,2,1240.11474609,1.22483856156397,0
"Borac Banja Luka",35,31,27,4,"REST",1,12,3,1255.45935059,1.26143161316239,0
"St Patricks",34,28,26,2,"REST",1,12,4,1264.93566895,1.35944343356582,0
"Zalgiris Vilnius",31,26,27,-1,"REST",1,12,5,1206.70324707,1.27377576013482,0
"Ordabasy",30,32,27,5,"REST",1,12,6,1203.40258789,1.30929911048415,0
"Trnava",30,27,23,4,"REST",1,12,7,1375.41516113,1.3597854297146,0
"Pyunik",29,23,28,-5,"REST",1,12,8,1293.49389648,1.23344608226405,0
"FK Astana",25,32,33,-1,"REST",1,12,9,1354.60595703,1.49656182475775,0
"Kuopio",25,25,27,-2,"REST",1,12,10,1277.19067383,1.29737135349652,0
"Ararat",22,25,36,-11,"REST",1,12,11,1229.59350586,1.26467333348703,0
"Ilves Tampere",17,22,48,-26,"REST",1,12,12,1208.48547363,1.36061818858657,0
"Celje",36,39,17,22,"SVN",1,10,1,1379.47290039,1.3360193173832,1
"Bravo",35,32,22,10,"SVN",1,10,2,1264.70251465,1.33303037104625,1
"Koper",33,33,16,17,"SVN",1,10,3,1335.64245605,1.17159230763512,1
"Maribor",31,33,18,15,"SVN",1,10,4,1380.29211426,1.30836589219391,1
"Olimpija Ljubljana",30,29,25,4,"SVN",1,10,5,1426.41101074,1.27595696988584,1
"Nafta",24,31,28,3,"SVN",1,10,6,1122.66589355,1.31229826875849,1
"Radomlje",20,19,36,-17,"SVN",1,10,7,1164.2845459,1.32858178564332,1
"Domzale",16,23,45,-22,"SVN",1,10,8,1162.32849121,1.36371315937607,1
"Mura",15,17,27,-10,"SVN",1,10,9,1169.0324707,1.25598673153547,1
"Primorje",14,20,42,-22,"SVN",1,10,10,1190.31591797,1.30090176804794,1
"M Tel Aviv",60,58,15,43,"ISR",1,14,1,1552.51538086,1.36212222408553,0
"Beer-Sheva",48,47,22,25,"ISR",1,14,2,1514.36657715,1.29176164199675,0
"Hapoel Jerusalem",43,34,29,5,"ISR",1,14,3,1328.39428711,1.33645748589317,0
"Kiryat Shmona",42,37,31,6,"ISR",1,14,4,1196.04394531,1.26035636873566,0
"Beitar",42,35,34,1,"ISR",1,14,5,1339.39416504,1.39005785952982,0
"Ashdod",36,28,37,-9,"ISR",1,14,6,1282.84484863,1.28312301266713,0
"Hapoel Haifa",34,34,37,-3,"ISR",1,14,7,1364.0723877,1.28690453502659,0
"Bnei Sakhinin",32,29,42,-13,"ISR",1,14,8,1269.97265625,1.31070564410062,0
"Netanya",31,37,33,4,"ISR",1,14,9,1311.05419922,1.34508094013505,0
"M Petach Tikva",31,28,39,-11,"ISR",1,14,10,1220.94750977,1.30027212454617,0
"Maccabi Haifa",29,34,34,0,"ISR",1,14,11,1451.36315918,1.35620156283559,0
"Maccabi Bnei Raina",28,22,35,-13,"ISR",1,14,12,1239.88305664,1.28685330212952,0
"Ironi Tiberias",21,31,44,-13,"ISR",1,14,13,1224.82067871,1.36587842040992,0
"Hapoel Eran Hadera",21,26,48,-22,"ISR",1,14,14,1190.2331543,1.42202608424506,0
"Shakhtar",61,61,31,30,"UKR",0,17,1,1531.97888184,1.24679242182886,0
"Dynamo Kyiv",60,56,26,30,"UKR",0,17,2,1507.01538086,1.32828119149684,0
"Zorya",56,51,38,13,"UKR",0,17,3,1292.85839844,1.25576168221914,0
"Metalist 1925",55,55,47,8,"UKR",0,17,4,1239.8572998,1.2429796558073,0
"Olexandriya",52,48,33,15,"UKR",0,17,5,1381.87268066,1.30964250838345,0
"Polissya Zhytomyr",51,41,36,5,"UKR",0,17,6,1320.07263184,1.30338129021009,0
"Kryvbas",50,43,37,6,"UKR",0,17,7,1311.26586914,1.25995045963949,0
"Obolon Kyiv",44,37,43,-6,"UKR",0,17,8,1222.96166992,1.17263042403388,0
"Kolos",43,54,39,15,"UKR",0,17,9,1279.32971191,1.32726027652892,0
"Karpaty",43,34,38,-4,"UKR",0,17,10,1259.42590332,1.26020511285795,0
"Veres",41,40,49,-9,"UKR",0,17,11,1218.13342285,1.3266251969373,0
"Inhulets",36,31,43,-12,"UKR",0,17,12,1159.96582031,1.32301021266796,0
"Rukh Lviv",36,30,56,-26,"UKR",0,17,13,1288.19287109,1.31899807028526,0
"Livyi Bereh",35,36,44,-8,"UKR",0,17,14,1161.27331543,1.34402449630935,0
"LNZ",33,31,42,-11,"UKR",0,17,15,1222.95471191,1.33686189289087,0
"Vorskla",33,32,52,-20,"UKR",0,17,16,1209.55578613,1.27125932139206,0
"Chernomorets",28,42,68,-26,"UKR",0,17,17,1168.51318359,1.32800406542216,0
"Paris SG",69,75,29,46,"FRA",2,18,1,1974.93762207,1.33540589583702,3
"Marseille",67,57,34,23,"FRA",2,18,2,1756.52758789,1.28028318358868,3
"Lyon",63,68,44,24,"FRA",2,18,3,1744.62866211,1.30902710727926,3
"Lille",62,67,42,25,"FRA",2,18,4,1782.04833984,1.31189103966096,3
"Reims",58,55,46,9,"FRA",2,18,5,1589.82861328,1.2860966641732,3
"Le Havre",52,39,40,-1,"FRA",2,18,6,1553.54150391,1.32352902774056,3
"Lens",50,43,39,4,"FRA",2,18,7,1693.22021484,1.26205091187325,3
"Monaco",49,58,50,8,"FRA",2,18,8,1762.12561035,1.30781308036622,3
"Angers",46,42,43,-1,"FRA",2,18,9,1538.24450684,1.34212089416743,3
"Nantes",44,46,50,-4,"FRA",2,18,10,1586.95227051,1.2742222836281,3
"Saint-Etienne",43,36,64,-28,"FRA",2,18,11,1532.84277344,1.34936872991203,3
"Nice",42,44,46,-2,"FRA",2,18,12,1720.62438965,1.26016352002357,3
"Rennes",41,39,47,-8,"FRA",2,18,13,1663.48510742,1.37738014602722,3
"Toulouse",41,37,50,-13,"FRA",2,18,14,1653.90771484,1.26972627710005,3
"Auxerre",39,37,46,-9,"FRA",2,18,15,1629.10119629,1.33167024809726,3
"Strasbourg",36,40,52,-12,"FRA",2,18,16,1707.00744629,1.29778777857941,3
"Brest",33,41,63,-22,"FRA",2,18,17,1679.1048584,1.34712032198119,3
"Montpellier",24,30,69,-39,"FRA",2,18,18,1490.47045898,1.29612744747894,3
"PSV",70,99,43,56,"NED",1,18,1,1797.03527832,1.94117647058824,2
"Feyenoord",70,91,43,48,"NED",1,18,2,1738.36352539,1.73529411764706,2
"Alkmaar",67,66,29,37,"NED",1,18,3,1626.27563477,1.60294117647059,2
"Ajax",62,76,50,26,"NED",1,18,4,1663.94873047,1.98529411764706,2
"Utrecht",58,59,53,6,"NED",1,18,5,1584.75134277,1.41176470588235,2
"Almere",54,53,77,-24,"NED",1,18,6,1349.17346191,1.35294117647059,2
"Sparta Rotterdam",53,41,43,-2,"NED",1,18,7,1493.50878906,1.45588235294118,2
"Twente",51,50,54,-4,"NED",1,18,8,1576.95092773,1.54411764705882,2
"Heerenveen",50,58,49,9,"NED",1,18,9,1445.41308594,1.80882352941176,2
"Nijmegen",46,57,49,8,"NED",1,18,10,1505.06628418,1.75,2
"Waalwijk",41,45,50,-5,"NED",1,18,11,1378.1862793,1.38235294117647,2
"Heracles",40,53,65,-12,"NED",1,18,12,1409.36730957,1.69117647058824,2
"Groningen",39,40,55,-15,"NED",1,18,13,1410.41210938,1.34556952198229,2
"Willem II",36,34,59,-25,"NED",1,18,14,1324.44934082,1.35105381336755,2
"Go Ahead Eagles",35,34,56,-22,"NED",1,18,15,1498.68859863,1.36764705882353,2
"Breda",34,22,55,-33,"NED",1,18,16,1351.14208984,1.36857177369276,2
"Zwolle",33,49,60,-11,"NED",1,18,17,1462.80810547,1.64705882352941,2
"Sittard",27,29,66,-37,"NED",1,18,18,1420.51062012,1.36764705882353,2
"Videoton",45,42,24,18,"HUN",1,12,1,1235.41149902,1.31948295434168,1
"Ferencvaros",37,35,23,12,"HUN",1,12,2,1499.69836426,1.24933772912563,1
"Kecskemeti",36,37,28,9,"HUN",1,12,3,1235.34887695,1.29918347480626,1
"Puskas Akademia",35,32,32,0,"HUN",1,12,4,1423.1427002,1.24116231728453,1
"Gyoer",32,33,29,4,"HUN",1,12,5,1327.04162598,1.30539344779311,1
"Zalaegerszegi",32,24,25,-1,"HUN",1,12,6,1275.06213379,1.31870585162996,1
"MTK",29,31,31,0,"HUN",1,12,7,1281.40856934,1.34807430903633,1
"Diosgyori",28,23,28,-5,"HUN",1,12,8,1288.05786133,1.3680507967051,1
"Debrecen",27,22,28,-6,"HUN",1,12,9,1286.16259766,1.25040840127699,1
"Nyiregyhaza",25,24,34,-10,"HUN",1,12,10,1232.09912109,1.3626736333934,1
"Ujpest",23,29,34,-5,"HUN",1,12,11,1265.30090332,1.21084217838154,1
"Paksi",17,22,38,-16,"HUN",1,12,12,1378.65771484,1.3096637079061,1
"St Gillis",61,81,30,51,"BEL",2,16,1,1730.55700684,1.5375,2
"Brugge",61,65,22,43,"BEL",2,16,2,1747.07775879,1.475,2
"Genk",58,55,31,24,"BEL",2,16,3,1634.98864746,1.31666666666667,2
"Standard",47,41,40,1,"BEL",2,16,4,1433.52770996,1.37434210526316,2
"Leuven",45,38,41,-3,"BEL",2,16,5,1431.72802734,1.31109497478039,2
"Westerlo",44,55,46,9,"BEL",2,16,6,1470.00036621,1.64144736842105,2
"Gent",44,33,40,-7,"BEL",2,16,7,1483.28747559,1.57738095238095,2
"Mechelen",41,34,41,-7,"BEL",2,16,8,1484.82263184,1.3875,2
"Anderlecht",37,40,48,-8,"BEL",2,16,9,1586.59558105,1.4,2
"Charleroi",35,44,54,-10,"BEL",2,16,10,1526.21923828,1.23611111111111,2
"Antwerp",34,40,47,-7,"BEL",2,16,11,1538.63525391,1.3375,2
"Dender",34,36,52,-16,"BEL",2,16,12,1401.82897949,1.30036327978821,2
"St Truiden",34,35,57,-22,"BEL",2,16,13,1445.72253418,1.375,2
"Beerschot AC",31,34,48,-14,"BEL",2,16,14,1335.44128418,1.26826345367282,2
"Cercle Brugge",31,27,43,-16,"BEL",2,16,15,1451.55505371,1.3,2
"Kortrijk",25,29,47,-18,"BEL",2,16,16,1390.52392578,1.33333333333333,2
